E_Ags,E_Clp,E_Cls,E_Agd,E_Bip,E_Bis,ClsClsσ2,ClpClpπ2,BipClpσ,BipClpπ,ClsBipσ,AgsClpσ,ClsAgdσ,ClpClpσ2,ClpAgdπ,ClpAgdσ,BisClpσ,BisClsσ,AgsClsσ,ClsClpσ2,lambda_Cl_p,lambda_Bi_p,lambda_Ag_d,lowest_f
0.18541373502453057,-3.388551035618981,8.092837097393497,7.00159802766711,1.9645071587602256,-1.2227095015596534,1.6190841513954892,-0.30636145258361097,3.7054254659692503,-2.7306567806269775,3.6398588468207156,2.942206776780143,-6.182146112899476,0.6671796207016001,0.11168687992905624,-2.9415228337694344,2.5334626303094905,-1.6320691455836727,-4.955765202481376,0.09704088444076517,-0.0497056693211491,-4.825364361520752,1.113416373844881,0.0011911677397858321
-1.0730671037671506,-3.876081012710121,8.815635212426221,2.6530441514876566,4.476987437608549,-0.1154028023737659,-0.8441517587734572,-0.12349778913984698,1.1793349020757489,-9.076607021326222,1.5576266154846803,3.0715326147796786,-6.72068822950587,0.8856341619630737,1.2834076819854119,-1.5784176232513165,-0.5181747642518851,-1.3806784691422718,-0.5901099053797059,0.19748484019689405,0.10039036229395251,-3.552040828953001,0.8600998553811471,0.0008960782254543965
-0.19696894484887073,-3.768167751781659,7.2728239905422996,7.273456915346741,2.01563201561515,-1.482475527838995,1.6483475483664443,-0.24735112662203548,5.433591138687938,-1.1719693035149257,3.721682013939116,1.7758304959219613,-7.1391629192709,1.0378882488473082,1.042904811048511,-3.594695303486709,4.351750344941192,-4.953758757310777,-3.0381244771673477,0.4457626105669039,0.23817848017941845,-5.917012314128582,2.245105432489009,0.001009758478892844
0.18541373502453057,-3.388551035618981,8.092837097393497,7.00159802766711,1.9645071587602256,-1.2227095015596534,1.6190841513954892,-0.30636145258361097,3.7054254659692503,-2.7306567806269775,3.6398588468207156,2.942206776780143,-6.182146112899476,0.6671796207016001,0.11168687992905624,-2.9415228337694344,2.5334626303094905,-1.6320691455836727,-4.955765202481376,0.09704088444076517,-0.0497056693211491,-4.825364361520752,1.113416373844881,0.0011911677397858321
