E_Ins,E_Ind,E_Clp,E_Ags,E_Agd,ClpIndσ,ClpIndπ,ClpClpσ2,ClpAgdσ,InsClpσ,ClpClpπ2,ClpAgdπ,AgsClpσ,lowest_f
-11.634957980336978,12.388033506799657,24.999938358314168,4.84376846999212,-1.1873844793910306,15.484277616298419,-18.695054839197805,-7.601491967420621,2.5108378632162185,-6.658672834766333,-14.413772242468147,-1.0176682749054198,2.2203313691495565,0.0388945538791012
-7.722927719944839,11.591041709775194,24.92280771405177,4.786296288538298,-1.161990441348554,15.221702052375374,11.972743110626327,-9.769410396672207,2.9024856365160434,-4.78679584376448,-14.554773930795974,-0.11764230517928725,2.40178851962335,0.027392570922223625
-18.098501423076065,14.372509499223197,23.808176164441715,4.729567591929169,-1.1486463580044801,-16.701162759288074,13.012160277943812,-9.60053376619422,-2.892923701596745,-7.11922093816916,-14.380493577917328,0.11704118924993889,2.387167762770312,0.027045705843790756
4.6902441539748345,-1.1594996800382633,22.17494515562616,-13.437650652473167,16.768905558747086,2.956842933973781,0.12450870518245973,-9.489114314086281,-17.532187692394448,2.340525635530485,-12.965928038895141,13.473326298540783,5.400405810569675,0.027382051741794842
