E_Ags,E_Ins,E_Ind,E_Clp,E_Agd,ClpAgdπ,AgsClpσ,ClpIndσ,ClpClpπ2,InsClpσ,ClpClpσ2,ClpAgdσ,ClpIndπ,lowest_f
4.759082414837102,-17.384261435559,12.893596462579442,23.813814240270904,-1.1502238522492703,-0.06232257156723086,-2.357613624725254,-15.71481094038854,-14.34437320305133,-7.175648484830981,-9.201469076344539,2.792546036017005,12.345829591288439,0.026937087196936892
4.75157388392653,-12.672159215629614,13.407213551548987,24.55662395275022,-1.1438399802998453,-0.14242996416005402,2.4067634223711565,-16.360241620197222,-15.111391588659947,-6.6843669025075565,-9.48621500385974,-2.843446282938708,-12.775479130513359,0.027119164975907675
-7.430222745129785,4.737623160498338,-1.1482249960717115,24.233322044811086,14.184803036093104,13.028924326216211,5.034342046400827,2.9151477497793374,-14.67213976871183,2.3940599922950847,-9.724819487268203,16.76202622875944,-0.1204740163933919,0.02728624303302509
4.725665386113669,-9.254309038444566,14.9705903392795,23.36263041384379,-1.1512656737980695,0.11509519060034716,-2.3674360591934858,-17.000485615301393,-13.97622106743914,-5.0604980448962875,-9.697198282389284,2.9586919783912933,-13.10806374195348,0.02726817046333783
