{"material": "Cs2AgInCl6", "parameters": {"nk": 92, "n_pos_symmetry_points": [0, 30, 66, 79, 92], "labels": ["L", "\\Gamma", "X", "U,K", "W"]}, "Bandstructures": [[-0.8150387227870858, -0.8110239574235361, -0.7993580151454354, -0.7810170503202208, -0.7572243379696119, -0.7291388205933116, -0.6977024929507233, -0.6636261531661357, -0.6274431293042025, -0.5895763197883694, -0.5503928697105547, -0.5102402513192069, -0.46946614976379797, -0.42842683865371023, -0.3874883381062767, -0.3470235212158595, -0.3074072563747102, -0.26901086104762906, -0.2321965957264469, -0.19731258151641193, -0.16468831626509564, -0.1346308427441877, -0.10742155455885109, -0.0833135898809716, -0.06252974678311377, -0.04526084912884378, -0.03166449407902051, -0.021864118608856106, -0.01594833139519169, -0.01397046705627392, -0.01397046705627392, -0.017594984874792725, -0.02847820663113023, -0.04664714394019437, -0.07214019439554126, -0.10499727013212425, -0.14524603841957853, -0.19288419747670277, -0.2478575128056549, -0.31003305312066237, -0.3791667375657016, -0.45486405835360283, -0.5365329316831767, -0.6233285505683939, -0.7140927358348453, -0.807295897916827, -0.9009996092902995, -0.9928714304377635, -1.0802948054361665, -1.1606096322175352, -1.2314735615317178, -1.2912531458845875, -1.3392926321544274, -1.3759410474493428, -1.402342290374766, -1.4201057433636124, -1.4309920963624343, -1.4366902547143061, -1.4386952939193438, -1.4382626396734381, -1.4364075950990216, -1.4339263971969889, -1.431424086385633, -1.4293413675113387, -1.4279768377776572, -1.427503168687871, -1.427503168687871, -1.4250484501598413, -1.4174311344575197, -1.403831671715746, -1.3826675100041808, -1.3512196151368123, -1.305084736572789, -1.2377868825854945, -1.1418605894078249, -1.0132337158729734, -0.8564236920530871, -0.6834149618897676, -0.5075119782176208, -0.5075119782176205, -0.49771906358832113, -0.46796919358634653, -0.417629895064821, -0.34721834702251786, -0.2603764763810372, -0.16537386216192215, -0.07493874379668114, -0.004122602786392821, 0.032944227132900884, 0.02602877058310375, -0.02963203381294169, -0.13340864671102226], [-0.8150387227870792, -0.8110239574235295, -0.7993580151454271, -0.781017050320216, -0.7572243379696035, -0.7291388205933091, -0.697702492950716, -0.6636261531661318, -0.6274431293042009, -0.5895763197883676, -0.550392869710549, -0.5102402513191993, -0.4694661497637944, -0.42842683865369585, -0.3874883381062559, -0.3470235212158526, -0.30740725637470606, -0.2690108610476232, -0.23219659572644277, -0.19731258151640213, -0.16468831626507466, -0.1346308427441711, -0.10742155455884508, -0.08331358988094126, -0.06252974678309653, -0.045260849128838654, -0.0316644940790179, -0.021864118608849466, -0.01594833139518725, -0.013970467056270416, -0.013970467056270416, -0.013970467056257433, -0.01397046705625902, -0.013970467056254727, -0.01397046705628252, -0.013970467056256064, -0.013970467056256862, -0.013970467056261617, -0.013970467056265154, -0.013970467056265624, -0.013970467056277216, -0.013970467056267479, -0.013970467056271817, -0.013970467056279981, -0.01397046705627531, -0.013970467056264205, -0.0139704670562629, -0.013970467056275988, -0.013970467056266207, -0.013970467056272404, -0.013970467056268109, -0.01397046705625842, -0.013970467056270357, -0.013970467056277027, -0.013970467056254694, -0.01397046705625982, -0.013970467056267139, -0.01397046705624539, -0.013970467056260772, -0.013970467056262705, -0.013970467056262969, -0.01397046705625975, -0.013970467056272695, -0.013970467056256852, -0.013970467056263472, -0.013970467056268008, -0.013970467056268008, 0.02503400826249458, 0.13888236942462628, 0.31918560494398535, 0.5547137662193986, 0.8333836547854414, 1.1429973346205218, 1.4707571403536182, 1.8017658848515044, 2.116536094162699, 2.3876843690670047, 2.5778463985145477, 2.645816621398176, 2.6458166213981698, 2.6540586671687114, 2.6791423569965724, 2.7222074475453106, 2.7853542276262826, 2.871844578687362, 2.986119748978992, 3.133265048841006, 3.317424620250123, 3.538568770794787, 3.785857059086583, 4.018940887649857, 4.127629970474521], [4.331002560641425, 4.324305856573675, 4.304270063970493, 4.271072479062199, 4.2250533238119345, 4.166772242581236, 4.097067004560229, 4.017096877276821, 3.928353837894721, 3.832630530805822, 3.731943874043521, 3.6284244238862, 3.524189997188268, 3.4212247394610227, 3.321281514306179, 3.2258182474815946, 3.1359706914338634, 3.052557441843129, 2.9761091283516956, 2.9069125181185034, 2.8450611021609298, 2.7905056598418123, 2.7431005223176372, 2.7026432576720505, 2.6689070280117853, 2.6416658742407413, 2.620713736385742, 2.6058782302667085, 2.5970301886963805, 2.594089828685063, 2.594089828685063, 2.5967820403174677, 2.6048914771616007, 2.6185150927244667, 2.637809688761719, 2.662984909869631, 2.694293745192, 2.7320207545937985, 2.7764681846023658, 2.8279400321556065, 2.8867239717909303, 2.953070919163465, 3.0271719075647825, 3.1091319595341975, 3.1989408025990222, 3.2964406684473664, 3.4012920875916333, 3.5129395911333248, 3.630580557523034, 3.753141993549971, 3.879271525275804, 4.007349729402497, 4.135530307128173, 4.2618115693088825, 4.3841368243000085, 4.500513350659275, 4.609132196115509, 4.708467585827723, 4.797337820790131, 4.874918787891927, 4.940712931780479, 4.994485991850427, 5.036187968642991, 5.065873675463959, 5.083634039621436, 5.089544597780362, 5.089544597780362, 5.08919266573834, 5.088085569175134, 5.0860671150481895, 5.082869603699093, 5.078103811973733, 5.071247569290089, 5.061636705515697, 5.048464837737658, 5.030801878747642, 5.007644174848489, 4.9780090383717726, 4.941078599351861, 4.941078599351862, 4.940671094152842, 4.939322535741725, 4.936654274712612, 4.932038520137675, 4.92462138535197, 4.913391294965815, 4.897321403445841, 4.875597739977758, 4.847932366725615, 4.81532605192273, 4.784678553088639, 4.775953101905521]]}