{
    "order": {
        "2": {
            "energies": {
                "Cls": 17.3566569855324,
                "Ags": 1.001632262585394,
                "Agd": -0.7599065043456302,
                "Bip": -5.817799415632063,
                "Bis": 5.635808622959517,
                "Clp": -9.746828166485242
            },
            "overlap_integrals": {
                "ClsAgdσ": 2.574404672355368,
                "AgsClsσ": 1.4349661798512197,
                "BisClsσ": -2.0253596863554275,
                "AgsClpσ": -0.37434517098622344,
                "BipClpπ": -1.8165206887528471,
                "BipClpσ": 7.617139519000631,
                "BisClpσ": -7.154886162897943,
                "ClpAgdπ": 6.410428065537535,
                "ClsBipσ": 1.504192343769904,
                "ClpAgdσ": -1.2956200610626227,
                "ClpClpσ2": 1.294243224772033,
                "ClpClpπ2": 0.6461511731026067,
                "ClsClsσ2": -2.6500540087232345,
                "ClsClpσ2": 0.5664857271070618
            },
            "soc_coefficients": {
                "lambda_Bi_p": -1.3193491883117203,
                "lambda_Ag_d": -0.0358510347732122,
                "lambda_Cl_p": 0.2855890727764193
            }
        }
    }
}