{
    "order": {
        "2": {
            "energies": {
                "Clp": 7.56436840405374,
                "Ags": 14.667231196041119,
                "Agd": 14.407107763285829,
                "Ins": -8.216185183300139,
                "Ind": -18.469218299251903
            },
            "overlap_integrals": {
                "ClpAgdσ": 9.39281776536773,
                "ClpAgdπ": 7.234777274900888,
                "InsClpσ": -3.480877363532646,
                "ClpIndπ": 6.582740089574501,
                "ClpIndσ": 5.623075735051738,
                "AgsClpσ": 0.5604229405176101,
                "ClpClpσ2": -2.2026819114085234,
                "ClpClpπ2": -4.9999929751377525
            }
        }
    }
}