{
    "order": {
	"1": {
	    "energies": {
		"E_Clp": -0.6289632698449032, "E_Ind": -2.2351968993343982, "E_Ags": -1.963058351579446, "E_Ins": -1.4770383390881716, "E_Agd": -1.534618813114156
	    },
            "overlap_integrals": {
                "ClpIndσ": -0.20642725247000115, "ClpAgdπ": 0.12126706680405634, "InsClpσ": 0.2508655008701596, "AgsClpσ": 0.05298314512595906, "ClpIndπ": -0.07866470464900299, "ClpAgdσ": 0.2686539847624953
            }
	},
        "2": {
            "energies": {
		"Clp": 0.09545577982512822, "Ind": -1.8806595337398893, "Ins": -1.8092021374335998, "Agd": -1.6915158254279719, "Ags": -1.4887870954449651
            },
            "overlap_integrals": {
                "AgdIndσ2": -0.11382875420939417, "AgsIndσ2": -0.1148214482285765, "ClpClpσ2": -0.22783067215385194, "InsClpσ": 0.17911310035138897, "ClpIndσ": 0.07761228336580456, "ClpIndπ": 0.12972502468225494, "InsAgdσ2": 0.07830990648713858, "ClpAgdσ": 0.4461279963085403, "AgdIndπ2": 0.02094180356111737, "AgsClpσ": -0.3190065061314189, "ClpClpπ2": 0.15303753469417825, "ClpAgdπ": 0.10648757818378138, "AgdIndδ2": 0.15933564833632785, "AgsInsσ2": 0.028687707591736878
            }
        }
    }
}