{
    "order": {
        "1": {
            "energies": {
                "Brp": -1.9911217734818065,
                "Ags": 1.1078958796321827,
                "Agd": -3.5184695047059216,
                "Bip": -4.3202123627648914e-11,
                "Bis": -3.3429843137629844
            },
            "overlap_integrals": {
                "BisBrpσ": -0.9973476528054125,
                "BipBrpσ": -0.964470000913513,
                "BipBrpπ": -0.1472540743810426,
                "BrpAgdπ": 0.1875649880779311,
                "AgsBrpσ": -0.95364594245428,
                "BrpAgdσ": -0.22130144893849105
            }
        },
        "2": {
            "energies": {
                "Bip": 12.075105834527067,
                "Ags": -1.4309557178888983,
                "Agd": 0.12600085916922746,
                "Brp": -1.1199952231564891,
                "Bis": 15.769423207244126
            },
            "overlap_integrals": {
                "BrpAgdπ": -1.6985687893493684,
                "BisBrpσ": -3.1774644295243344,
                "BrpAgdσ": -3.014103837492928,
                "BipBrpπ": -5.680491222312341,
                "AgsBrpσ": 1.0697026021189253,
                "BipBrpσ": -3.9108130467252047,
                "BrpBrpπ2": 2.626033781002458,
                "BrpBrpσ2": 1.13641991695617
            },
            "soc_coefficients": {
                "lambda_Br_p": -3.3445371245549462,
                "lambda_Bi_p": 2.7049268976768666,
                "lambda_Ag_d": 1.025700553965487
            }
        }
    }
}