{
    "order": {
        "1": {
            "energies": {
                "Tlp": 0.3212827274912857,
                "Bip": 1.4618604781912568,
                "Tls": -7.955078268125855,
                "Brp": -2.469003409668318,
                "Bis": -0.479850298246475
            },
            "overlap_integrals": {
                "TlsBrpσ": 0.45649381898751873,
                "BipBrpσ": 0.08460252192811335,
                "BisBrpσ": -7.24008926810844e-07,
                "BrpTlpπ": 0.5283863889483266,
                "BipBrpπ": -0.6218606167231994,
                "BrpTlpσ": -1.4148478975163283
            }
        },
        "2": {
            "energies": {
                "Brp": -2.5346508109415997,
                "Bis": -8.30722588505932,
                "Bip": 1.6048407393935293,
                "Tls": -2.0570183522005694,
                "Tlp": 1.2152927261342197
            },
            "overlap_integrals": {
                "TlsBrpσ": 0.9547804309893887,
                "BrpTlpσ": -1.2168710161571261,
                "BipBrpπ": 0.2789354631034923,
                "BipBrpσ": 0.16452775599160946,
                "BrpTlpπ": 0.3925412664268328,
                "BisBrpσ": -0.09192668231727122,
                "TlsBipσ2": 0.6411616581638194,
                "BrpBrpσ2": -0.3075762907591183,
                "BisTlsσ2": -0.02045420600386638,
                "BrpBrpπ2": 0.055000383843103885,
                "BisTlpσ2": 0.4143977327006876,
                "BipTlpσ2": 0.34072149594375045,
                "BipTlpπ2": 0.31039719424371653
            }
        },
        "3": {
            "energies": {
                "Brp": -2.4352155531295843,
                "Tls": -6.906221533974442,
                "Tlp": 2.48094677287662e-06,
                "Bip": 2.8915105497799334,
                "Bis": -5.449520715284682
            },
            "overlap_integrals": {
                "BipBrpσ": -1.0270898939273625,
                "BrpTlpσ": -2.0123096907831104,
                "TlsBrpσ": -1.180619511689934,
                "BisBrpσ": 0.3298432845747505,
                "BipBrpπ": 0.6917081953535774,
                "BrpTlpπ": 0.0013676046714092985,
                "BipTlpσ2": -0.5367243151187726,
                "BisTlsσ2": 0.19186496645112858,
                "BipTlpπ2": 0.3012816580647598,
                "BrpBrpπ2": 0.11353531545877342,
                "TlsBipσ2": 0.7628291819181459,
                "BisTlpσ2": -0.7431046119960959,
                "BrpBrpσ2": -0.007248251618345519,
                "BrpBrpπ3": -0.1799287994998238,
                "BrpBrpσ3": 0.21443179407888502
            }
        }
    }
}