{
    "order": {
        "1": {
            "energies": {
                "Pbs": -9.209999896524968,
                "Ip": -2.159999618298321,
                "Pbp": 2.389998056489195
            },
            "overlap_integrals": {
                "PbsIpσ": -1.2500000169585144,
                "IpPbpσ": 3.50000051776948,
                "IpPbpπ": 0.7999994433514677
            }
        }
    }
}