{
    "order": {
        "1": {
            "energies": {
                "Ip": -2.0584839661594625,
                "Pbs": -9.108526645626691,
                "Pbp": 2.4914590627617974
            },
            "overlap_integrals": {
                "IpPbpπ": 0.8001456251341743,
                "IpPbpσ": 3.4999073156255376,
                "PbsIpσ": 1.2500465682670605
            }
        }
    }
}