{
	"order": {
		"1": {
    			"energies": {
        			"Pbs": -9.49600419579383,
        			"Pbp": 2.44764027540157,
        			"Ip": -2.14743491984056
    			},
    			"overlap_integrals": {
        			"PbsIpσ": 1.133059080459,
        			"IpPbpσ": 0.868589122375319,
        			"IpPbpπ": -2.46014246678284
    			}
		}
	}
}

