{
    "order": {
        "2": {
            "energies": {
                "Sid": 12.869211778579096,
                "Sis": -3.5988145151453192,
                "Sip": 5.340794877786382
            },
            "overlap_integrals": {
                "SidSidδ": -1.288490435068258,
                "SisSipσ": -2.861304944364401,
                "SipSidπ": 3.5742258873530477,
                "SipSipσ": 3.944962628660234,
                "SidSidσ": -2.7748266750804618,
                "SipSidσ": 1.0377107425102428,
                "SisSisσ": -1.8467631895188856,
                "SisSidσ": 1.3005836198284733,
                "SidSidπ": 2.885270539781422,
                "SipSipπ": -1.5627235919128566,
                "SipSidπ2": 0.320175848630539,
                "SidSidπ2": 0.027211955894121766,
                "SidSidδ2": 0.09195949895503541,
                "SisSipσ2": -0.015904009982129083,
                "SipSipπ2": -0.20252309819706907,
                "SidSidσ2": 0.25213803228741427,
                "SisSidσ2": -0.07270733712678207,
                "SisSisσ2": -0.06057849581803304,
                "SipSidσ2": -0.33346012219229165,
                "SipSipσ2": -0.27512636766066506
            }
        },
        "1": {
            "energies": {
                "Sid": 12.826520612059392,
                "Sis": -5.5516629455168465,
                "Sip": 4.7927229169626155
            },
            "overlap_integrals": {
                "SipSipσ": 3.5326001645098217,
                "SipSidσ": -1.3579973687533533,
                "SipSipπ": -2.11418168665583,
                "SidSidσ": -2.675758405980347,
                "SisSidσ": 0.722260230750677,
                "SisSisσ": -1.5444259799315843,
                "SidSidπ": -0.6875907747176018,
                "SidSidδ": -0.9008836054128042,
                "SisSipσ": -1.9155131843548818,
                "SipSidπ": 2.9468292276571533
            }
        }
    }
}