{
    "order": {
        "2": {
            "energies": {
                "Sid": 12.010003579317617,
                "Sis": 13.139975823099098,
                "Sip": 16.785125755216164
            },
            "overlap_integrals": {
                "SisSisσ": -3.461119825269961,
                "SidSidσ": 0.3192406865140019,
                "SipSidσ": -0.6025897614393667,
                "SipSipπ": -0.002678034690259337,
                "SisSidσ": -3.5337688597780663,
                "SipSipσ": -4.825201768972418,
                "SisSipσ": 1.6481643239589832,
                "SidSidπ": -0.5517505003751902,
                "SidSidδ": 0.1640267151730173,
                "SipSidπ": -3.8339639852768608,
                "SisSidσ2": 0.37465947858574017,
                "SisSisσ2": -0.43830431738448233,
                "SidSidσ2": -0.7744282847116735,
                "SipSidπ2": -0.030162291937152714,
                "SisSipσ2": 0.41694557280389394,
                "SidSidπ2": 0.9969752436083023,
                "SipSipσ2": 0.08059696344389854,
                "SipSipπ2": 0.2675305139263862,
                "SipSidσ2": -1.1770838047326002,
                "SidSidδ2": -0.8480129263738364
            }
        }
    }
}