{"material": "Cs2AgBiCl6", "order": 2, "nc": 2, "nv": 4, "temperature": 1.0, "stepsize": 2.0, "f": 0.0011911677397858321, "parameters": {"E_Bis": -1.2227095015596534, "E_Clp": -3.388551035618981, "E_Agd": 7.00159802766711, "E_Cls": 8.092837097393497, "E_Bip": 1.9645071587602256, "E_Ags": 0.18541373502453057, "ClsClpσ2": 0.09704088444076517, "ClpAgdσ": -2.9415228337694344, "AgsClpσ": 2.942206776780143, "ClpClpσ2": 0.6671796207016001, "ClsAgdσ": -6.182146112899476, "BisClpσ": 2.5334626303094905, "ClsClsσ2": 1.6190841513954892, "BipClpσ": 3.7054254659692503, "BisClsσ": -1.6320691455836727, "BipClpπ": -2.7306567806269775, "ClpAgdπ": 0.11168687992905624, "ClpClpπ2": -0.30636145258361097, "ClsBipσ": 3.6398588468207156, "AgsClsσ": -4.955765202481376, "lambda_Cl_p": -0.0497056693211491, "lambda_Ag_d": 1.113416373844881, "lambda_Bi_p": -4.825364361520752}}