E_Ind,E_Ags,E_Agd,E_Clp,E_Ins,ClpAgdσ,ClpClpπ2,InsClpσ,ClpAgdπ,ClpIndπ,ClpClpσ2,AgsClpσ,ClpIndσ,lowest_f
3.0692785397301052,5.31257079976297,-15.516273072476732,19.287496701313625,-15.0101603955855,12.657467900638396,-11.136421846429062,-0.9980796235142722,-7.419391301333671,-5.904133789539417,-8.444513366036539,-1.7029141400587993,7.58237464712823,0.0018685953512274358
-18.176912527560937,-17.704318499357825,14.425363274873666,19.647593056591948,4.442064056148915,14.419808159578198,-19.999972304512713,2.46617150511037,15.482801884138855,-15.126385786216307,-12.206481468556184,-10.915880132326604,6.890951548792174,0.01576948327932914
10.016191102533316,17.17008872753099,-11.662108713709053,13.911467121985632,-1.1919055498735511,19.999807716337955,-8.415212083998057,-0.552266709984718,-12.459743184466637,-9.463424158964632,-18.265008755025857,11.032577164996303,17.947048060223047,0.14754328192017907
-14.422159803787666,-6.523415245825661,14.857767590780512,1.9109607409928402,-19.76372680993661,0.3460715299995498,-19.99995778484709,17.182159808640034,3.4248841550659495,16.331739119921835,17.064701620831705,-4.58514764594,9.176026120216548,0.16579727347882578
